{
  "N": 4,
  "a": [
    0.02,
    0.02,
    0.02,
    0.02
  ],
  "b": [
    0.2,
    0.2,
    0.2,
    0.2
  ],
  "c": [
    -50.0,
    -50.0,
    -50.0,
    -50.0
  ],
  "d": [
    2.0,
    2.0,
    2.0,
    2.0
  ],
  "M": [
    [
      1.0,
      1.0,
      1.0,
      1.0
    ],
    [
      1.0,
      1.0,
      1.0,
      1.0
    ],
    [
      1.0,
      1.0,
      1.0,
      1.0
    ],
    [
      1.0,
      1.0,
      1.0,
      1.0
    ]
  ],
  "W": [
    [
      0.0,
      -1.5,
      0.0,
      0.0
    ],
    [
      -1.5,
      0.0,
      0.0,
      0.0
    ],
    [
      -0.3,
      0.0,
      0.0,
      -0.5
    ],
    [
      0.0,
      -0.3,
      -0.5,
      0.0
    ]
  ],
  "tau_syn": [
    [
      1.0,
      0.06666666666666667,
      1.0,
      0.1
    ],
    [
      0.06666666666666667,
      1.0,
      0.1,
      1.0
    ],
    [
      0.06666666666666667,
      1.0,
      1.0,
      0.06666666666666667
    ],
    [
      1.0,
      0.06666666666666667,
      0.06666666666666667,
      1.0
    ]
  ]
}